,open,high,low,close,volume,market_cap,date
0,2635.35,2642.0,2624.01,2625.3,12735.6247,12735.6247,
1,2692.86,2704.36,2584.75,2635.34,371271.4532,371271.4532,
2,2747.96,2758.18,2632.95,2692.85,711449.3234,711449.3234,
3,2940.65,2954.65,2683.0,2747.97,734845.3194,734845.3194,
4,2781.7,2965.85,2771.74,2940.64,548738.0668,548738.0668,
5,2856.54,2861.47,2755.19,2781.7,371331.1796,371331.1796,
6,2824.81,2894.22,2778.78,2856.54,521706.8567,521706.8567,
7,2726.67,2849.9,2716.13,2824.81,442544.8792,442544.8792,2022-05-08
8,2817.13,2841.63,2709.26,2726.66,367757.2469,367757.2469,2022-05-07
9,2936.92,2946.46,2776.63,2817.13,525978.147,525978.147,2022-05-06
10,2888.95,2980.0,2853.83,2936.93,537392.9978,537392.9978,2022-05-05
11,2809.68,2919.87,2794.46,2888.96,488951.2416,488951.2416,2022-05-04
12,3006.63,3039.54,2767.0,2809.67,531184.3504,531184.3504,2022-05-03
13,2920.99,3025.65,2797.01,3006.62,619198.3616,619198.3616,2022-05-02
14,2933.04,2967.06,2912.09,2921.0,218957.0222,218957.0222,2022-05-01
15,2962.39,2978.03,2913.89,2933.03,187576.7324,187576.7324,2022-04-30
16,2983.57,3034.32,2930.35,2962.39,452433.082,452433.082,2022-04-29
17,3076.03,3180.0,2942.31,2983.58,562699.697,562699.697,2022-04-28
18,3101.74,3166.5,3036.45,3076.04,415000.0685,415000.0685,2022-04-27
19,3055.56,3131.0,3030.34,3101.77,359375.0038,359375.0038,2022-04-26
20,2988.07,3069.6,2883.22,3055.56,510251.6536,510251.6536,2022-04-25
21,3059.3,3083.0,2981.7,2988.06,243772.074,243772.074,2022-04-24
22,3040.57,3086.1,3010.03,3059.3,176352.4165,176352.4165,2022-04-23
23,3021.98,3060.92,2993.13,3040.56,249626.2981,249626.2981,2022-04-22
24,3118.28,3145.0,2976.3,3021.98,408382.5572,408382.5572,2022-04-21
25,3027.65,3128.97,2996.86,3118.28,419101.494,419101.494,2022-04-20
26,2979.75,3085.0,2950.0,3027.66,579522.9505,579522.9505,2022-04-19
27,3203.04,3213.63,2950.0,2979.74,693394.2912,693394.2912,2022-04-18
28,3258.57,3307.22,3193.0,3203.04,232303.2326,232303.2326,2022-04-17
29,3192.39,3268.4,3181.28,3258.57,212444.2566,212444.2566,2022-04-16
30,3227.2,3314.02,3173.52,3192.39,502422.5048,502422.5048,2022-04-15
31,3168.52,3268.98,3143.15,3227.19,458179.3272,458179.3272,2022-04-14
32,3407.0,3407.5,3162.39,3168.51,736273.1047,736273.1047,2022-04-13
33,3519.5,3555.0,3400.0,3406.99,397782.7437,397782.7437,2022-04-12
34,3521.9,3547.0,3405.97,3519.5,449984.1586,449984.1586,2022-04-11
35,3443.77,3580.34,3412.11,3521.91,381581.7683,381581.7683,2022-04-10
36,3455.2,3532.2,3433.14,3443.77,499893.29,499893.29,2022-04-09
37,3281.51,3481.29,3210.68,3455.21,532169.2392,532169.2392,2022-04-08
38,3385.8,3444.83,3261.35,3281.51,455091.2395,455091.2395,2022-04-07
39,3400.51,3446.9,3331.84,3385.79,356082.5231,356082.5231,2022-04-06
40,3332.91,3481.87,3329.68,3400.51,465899.8226,465899.8226,2022-04-05
41,3295.65,3431.15,3275.01,3332.92,527237.1133,527237.1133,2022-04-04
42,3145.01,3299.37,3126.02,3295.65,335467.4145,335467.4145,2022-04-03
43,3102.13,3153.2,3084.9,3145.0,207134.847,207134.847,2022-04-02
44,3110.75,3193.28,3076.0,3102.14,489099.5572,489099.5572,2022-04-01
45,3035.99,3129.11,2999.11,3110.76,577171.5239,577171.5239,2022-03-31
46,2969.64,3045.2,2920.65,3036.0,453962.7298,453962.7298,2022-03-30
47,2890.03,3052.85,2886.43,2969.64,564868.9839,564868.9839,2022-03-29
48,2861.39,2960.57,2829.81,2890.03,450223.9073,450223.9073,2022-03-28
49,2950.85,2964.17,2817.21,2861.38,377608.8214,377608.8214,2022-03-27
50,2938.84,2987.7,2890.86,2950.84,325971.5398,325971.5398,2022-03-26
51,2811.91,2984.0,2765.59,2938.92,556535.7966,556535.7966,2022-03-25
52,2773.8,2836.0,2746.42,2811.92,379312.541,379312.541,2022-03-24
53,2617.74,2788.0,2603.38,2773.81,666224.7217,666224.7217,2022-03-23
54,2589.42,2669.0,2507.0,2617.73,461202.3014,461202.3014,2022-03-22
55,2515.66,2609.6,2498.67,2589.41,386630.1912,386630.1912,2022-03-21
56,2568.8,2603.32,2493.0,2515.65,316942.1601,316942.1601,2022-03-20
57,2556.86,2616.79,2553.39,2568.8,219236.5711,219236.5711,2022-03-19
58,2606.69,2676.78,2522.57,2556.86,494583.6568,494583.6568,2022-03-18
59,2726.98,2733.25,2550.27,2606.7,559004.7675,559004.7675,2022-03-17
60,2575.98,2775.85,2567.7,2726.98,562771.7403,562771.7403,2022-03-16
61,2491.12,2624.0,2480.15,2575.97,560719.3074,560719.3074,2022-03-15
62,2551.3,2649.0,2445.0,2491.12,619728.8489,619728.8489,2022-03-14
63,2665.16,2676.29,2535.0,2551.29,336487.9099,336487.9099,2022-03-13
64,2622.11,2685.12,2589.38,2665.15,268730.3036,268730.3036,2022-03-12
65,2834.0,2836.17,2573.0,2622.1,556178.7588,556178.7588,2022-03-11
66,2947.31,2970.97,2785.0,2833.99,446192.2353,446192.2353,2022-03-10
67,2976.33,3043.91,2914.21,2947.3,614623.7461,614623.7461,2022-03-09
68,2920.83,3037.94,2854.09,2976.33,673901.6976,673901.6976,2022-03-08
69,2616.79,2951.6,2568.62,2920.95,733794.4488,733794.4488,2022-03-07
70,2779.47,2836.33,2557.98,2616.79,650198.7785,650198.7785,2022-03-06
71,2768.05,2878.0,2727.5,2779.47,418485.2529,418485.2529,2022-03-05
72,2596.26,2834.97,2571.72,2768.49,679394.1762,679394.1762,2022-03-04
73,2579.7,2740.0,2300.0,2596.2,1395732.7753,1395732.7753,2022-03-03
74,2636.28,2753.55,2575.83,2579.71,504470.1412,504470.1412,2022-03-02
75,2568.03,2665.74,2500.0,2636.29,692639.4942,692639.4942,2022-03-01
76,2621.99,2759.51,2558.0,2568.02,761838.9858,761838.9858,2022-02-28
77,2763.63,2764.64,2576.0,2621.99,386384.904,386384.904,2022-02-27
78,2779.3,2830.96,2694.45,2763.63,293838.0025,293838.0025,2022-02-26
79,2891.88,2943.97,2750.0,2779.48,502977.4069,502977.4069,2022-02-25
80,3122.31,3160.0,2851.55,2891.87,488693.2624,488693.2624,2022-02-24
81,3183.53,3186.77,3044.03,3122.3,319997.6244,319997.6244,2022-02-23
82,2929.75,3196.19,2912.06,3183.52,448971.754,448971.754,2022-02-22
83,2871.14,2964.97,2829.01,2929.75,381778.238,381778.238,2022-02-21
84,2918.58,2954.4,2836.7,2871.13,242751.3547,242751.3547,2022-02-20
85,2927.54,2985.98,2858.3,2918.88,336250.3131,336250.3131,2022-02-19
86,3072.36,3138.62,2879.0,2927.54,462025.8751,462025.8751,2022-02-18
87,3243.6,3283.66,3056.74,3072.49,578212.8383,578212.8383,2022-02-17
88,3116.69,3269.7,3055.0,3243.94,370267.8913,370267.8913,2022-02-16
89,3139.77,3232.87,3025.21,3116.69,514773.5837,514773.5837,2022-02-15
90,3055.0,3186.0,2991.8,3139.77,455070.2529,455070.2529,2022-02-14
91,3012.64,3074.56,2950.21,3054.99,249394.5966,249394.5966,2022-02-13
92,2994.99,3060.47,2958.01,3012.65,356803.3071,356803.3071,2022-02-12
93,2695.21,2995.0,2671.4,2994.99,664002.9328,664002.9328,2022-02-11
94,2680.25,2726.64,2576.05,2695.46,405043.3931,405043.3931,2022-02-10
95,2787.48,2810.88,2612.72,2680.67,447852.1228,447852.1228,2022-02-09
96,2686.94,2813.0,2673.52,2787.23,390034.27362,390034.27362,2022-02-08
97,2601.67,2706.77,2476.07,2686.94,444584.851,444584.851,2022-02-07
98,2601.43,2640.0,2542.5,2601.68,290770.0859,290770.0859,2022-02-06
99,2544.99,2636.66,2520.01,2601.43,376666.8246,376666.8246,2022-02-05
100,2424.02,2558.98,2357.88,2544.99,485149.8065,485149.8065,2022-02-04
101,2463.0,2521.0,2316.43,2424.25,599481.7159,599481.7159,2022-02-03
102,2459.04,2722.0,2402.03,2462.99,806441.62289,806441.62289,2022-02-02
103,2439.56,2506.55,2348.96,2458.83,510152.954,510152.954,2022-02-01
104,2539.0,2539.75,2159.0,2439.29,1123134.70389,1123134.70389,2022-01-31
105,2412.18,2556.78,2370.8,2539.01,580497.7613,580497.7613,2022-01-30
106,2567.47,2626.0,2300.0,2412.18,1081357.54893,1081357.54893,2022-01-29
107,3001.48,3034.12,2403.0,2568.15,1022021.70024,1022021.70024,2022-01-28
108,3084.02,3273.37,2987.15,3001.48,357596.7062,357596.7062,2022-01-27
109,3159.85,3174.87,3000.0,3084.02,332996.5703,332996.5703,2022-01-26
110,3209.68,3243.87,3082.0,3159.85,299134.2728,299134.2728,2022-01-25
111,3346.89,3357.57,3141.1,3209.67,284063.6548,284063.6548,2022-01-24
112,3326.51,3393.6,3269.62,3346.88,210782.2277,210782.2277,2022-01-23
113,3307.42,3371.64,3261.0,3326.04,203100.3778,203100.3778,2022-01-22
114,3240.61,3342.79,3188.0,3307.42,285326.3505,285326.3505,2022-01-21
115,3371.6,3410.0,3233.43,3240.61,336234.8799,336234.8799,2022-01-20
116,3239.73,3411.43,3206.2,3371.26,370465.8015,370465.8015,2022-01-19
117,3082.87,3263.54,3051.8,3239.72,362446.7087,362446.7087,2022-01-18
118,3151.97,3185.0,2928.83,3082.68,529818.3866,529818.3866,2022-01-17
119,3080.98,3211.72,3057.35,3151.97,275874.1643,275874.1643,2022-01-16
120,3198.68,3250.0,3000.0,3080.95,400692.1061,400692.1061,2022-01-15
121,3406.81,3416.76,3064.42,3199.24,669631.7262,669631.7262,2022-01-14
122,3539.82,3550.43,3300.0,3406.81,496745.7413,496745.7413,2022-01-13
123,3785.1,3848.0,3415.0,3540.63,397942.0363,397942.0363,2022-01-12
124,3765.89,3900.73,3713.11,3785.11,288258.5549,288258.5549,2022-01-11
125,3828.11,3853.09,3680.0,3765.89,236245.8586,236245.8586,2022-01-10
126,3765.54,3857.44,3717.3,3828.27,154791.4263,154791.4263,2022-01-09
127,3676.22,3776.45,3673.46,3765.54,154143.8968,154143.8968,2022-01-08
128,3709.27,3815.0,3622.29,3676.23,268014.2942,268014.2942,2022-01-07
129,3630.18,3769.1,3585.0,3709.27,249263.7305,249263.7305,2022-01-06
130,3792.75,3827.78,3604.2,3630.19,302753.6375,302753.6375,2022-01-05
131,4037.22,4037.23,3759.36,3792.75,358064.7163,358064.7163,2022-01-04
132,4063.57,4127.46,4031.0,4037.23,222140.3923,222140.3923,2022-01-03
133,4094.36,4105.0,4000.0,4063.56,189309.255,189309.255,2022-01-02
134,4046.35,4137.91,4018.62,4094.83,208126.8805,208126.8805,2022-01-01
135,4111.41,4134.84,4017.17,4046.36,230833.1661,230833.1661,2021-12-31
136,3979.51,4150.0,3893.23,4111.41,380207.8166,380207.8166,2021-12-30
137,4014.41,4074.87,3933.4,3979.51,303191.8076,303191.8076,2021-12-29
138,3944.72,4063.0,3913.21,4014.15,340826.3553,340826.3553,2021-12-28
139,3924.14,3983.37,3753.0,3944.73,366916.4771,366916.4771,2021-12-27
140,3959.93,4032.43,3884.0,3924.14,306006.323,306006.323,2021-12-26
141,3875.43,3996.93,3767.01,3959.93,339593.2543,339593.2543,2021-12-25
142,3959.11,3994.1,3700.0,3875.42,463370.9225,463370.9225,2021-12-24
143,4019.54,4113.43,3942.11,3958.11,368780.031,368780.031,2021-12-23
144,3858.99,4092.22,3643.73,4019.08,542068.0573,542068.0573,2021-12-22
145,3781.92,3882.74,3685.0,3858.99,395145.7462,395145.7462,2021-12-21
146,4130.0,4142.75,3671.45,3781.93,533467.2307,533467.2307,2021-12-20
147,4089.68,4173.63,3986.25,4130.0,260535.5157,260535.5157,2021-12-19
148,3898.31,4097.08,3828.22,4089.37,427853.4343,427853.4343,2021-12-18
149,4105.64,4231.08,3887.37,3897.94,563236.5671,563236.5671,2021-12-17
150,4436.91,4488.0,4076.16,4105.64,462173.711,462173.711,2021-12-16
151,4306.4,4450.49,4222.95,4436.91,429403.9351,429403.9351,2021-12-15
152,4347.57,4425.0,4255.92,4306.4,420749.751,420749.751,2021-12-14
153,4196.44,4376.15,3921.0,4347.59,726742.9638,726742.9638,2021-12-13
154,4117.25,4248.19,4031.39,4196.44,536325.4413,536325.4413,2021-12-12
155,4215.01,4238.59,3503.68,4117.25,1111773.1451,1111773.1451,2021-12-11
156,4511.35,4654.88,4032.5,4215.73,677974.8659,677974.8659,2021-12-10
157,4582.95,4634.83,4433.0,4511.21,451861.9545,451861.9545,2021-12-09
158,4630.25,4778.75,4523.99,4582.95,508198.3105,508198.3105,2021-12-08
159,4444.54,4753.0,4346.36,4630.26,743024.4662,743024.4662,2021-12-07
160,4294.77,4458.92,4276.89,4444.53,406881.2284,406881.2284,2021-12-06
161,4095.29,4298.51,3964.0,4294.78,346471.3551,346471.3551,2021-12-05
162,4041.2,4183.66,4028.34,4095.29,275326.5202,275326.5202,2021-12-04
163,4524.48,4551.0,3913.0,4041.2,720245.1612,720245.1612,2021-12-03
164,4270.1,4550.0,4248.27,4524.85,445868.2434,445868.2434,2021-12-02
165,4339.45,4373.94,4167.65,4269.36,448727.0306,448727.0306,2021-12-01
166,4086.28,4385.59,4059.62,4339.44,502811.7902,502811.7902,2021-11-30
167,4259.7,4320.0,4022.74,4085.97,518501.3338,518501.3338,2021-11-29
168,4412.17,4451.0,4242.41,4258.31,340206.3203,340206.3203,2021-11-28
169,4294.75,4435.88,4199.86,4412.17,365584.578,365584.578,2021-11-27
170,3996.9,4308.97,3973.01,4294.76,420045.0897,420045.0897,2021-11-26
171,4288.07,4344.81,3956.44,3996.9,576945.1837,576945.1837,2021-11-25
172,4209.59,4299.91,4063.48,4287.8,472852.1842,472852.1842,2021-11-24
173,4563.77,4563.77,4103.0,4209.76,735857.063,735857.063,2021-11-23
174,4626.5,4772.01,4540.0,4563.78,375421.6601,375421.6601,2021-11-22
175,4644.27,4696.05,4514.12,4626.5,245309.0674,245309.0674,2021-11-21
176,4665.47,4707.6,4584.08,4644.28,220720.6611,220720.6611,2021-11-20
177,4719.0,4809.71,4507.85,4665.46,461580.0415,461580.0415,2021-11-19
178,4628.68,4779.0,4576.47,4719.0,303688.9765,303688.9765,2021-11-18
179,4732.33,4868.0,4461.93,4628.78,553596.99163,553596.99163,2021-11-17
180,4807.98,4838.28,4713.89,4732.33,311267.57998,311267.57998,2021-11-16
181,4612.59,4822.97,4612.0,4807.98,391102.31806,391102.31806,2021-11-15
182,4518.0,4637.98,4502.37,4612.59,243596.5952,243596.5952,2021-11-14
183,4474.24,4530.0,4326.17,4518.0,322154.0973,322154.0973,2021-11-13
184,4532.31,4570.05,4438.8,4474.24,305651.7244,305651.7244,2021-11-12
185,4603.35,4606.65,4420.08,4532.32,368218.25695,368218.25695,2021-11-11
186,4589.68,4665.87,4455.0,4603.35,448658.35125,448658.35125,2021-11-10
187,4319.43,4599.6,4284.43,4589.89,468184.79301,468184.79301,2021-11-09
188,4287.48,4386.58,4146.3,4319.43,417620.7073,417620.7073,2021-11-08
189,4322.68,4399.14,4164.35,4287.21,412856.2893,412856.2893,2021-11-07
190,4418.89,4434.06,4232.2,4322.68,340223.069,340223.069,2021-11-06
191,4286.01,4460.47,4265.97,4418.89,559231.07691,559231.07691,2021-11-05
192,3921.99,4295.0,3890.17,4286.02,626378.5055,626378.5055,2021-11-04
193,4131.52,4307.0,3909.0,3922.0,704604.25,704604.25,2021-11-03
194,4220.36,4297.0,4090.21,4131.52,414498.1599,414498.1599,2021-11-02
195,4082.33,4236.0,4067.71,4220.37,347438.6534,347438.6534,2021-11-01
196,4167.13,4186.57,3961.5,4082.33,350115.8386,350115.8386,2021-10-31
197,3972.19,4172.0,3937.51,4167.12,326576.9601,326576.9601,2021-10-30
198,4053.0,4167.41,3888.0,3972.2,463222.5428,463222.5428,2021-10-29
199,4161.37,4375.0,4013.13,4052.99,798566.55805,798566.55805,2021-10-28
200,3876.98,4169.0,3828.05,4161.15,537383.09732,537383.09732,2021-10-27
201,3744.96,3886.89,3732.0,3877.03,341268.3723,341268.3723,2021-10-26
202,3847.0,3893.14,3676.0,3744.96,401819.9734,401819.9734,2021-10-25
203,3829.96,3919.19,3640.0,3846.85,368898.9831,368898.9831,2021-10-24
204,3868.38,3971.0,3803.56,3829.96,373727.8549,373727.8549,2021-10-23
205,3790.82,3907.77,3734.1,3868.99,504321.732,504321.732,2021-10-22
206,3607.41,3824.0,3586.04,3790.82,481894.1473,481894.1473,2021-10-21
207,3491.43,3613.0,3412.7,3607.42,393463.1222,393463.1222,2021-10-20
208,3542.12,3547.11,3403.21,3491.46,409377.1918,409377.1918,2021-10-19
209,3414.22,3623.8,3371.0,3542.12,493521.882,493521.882,2021-10-18
210,3574.83,3604.0,3405.0,3414.22,580223.6302,580223.6302,2021-10-17
211,3563.13,3635.0,3538.07,3574.82,361906.7514,361906.7514,2021-10-16
212,3587.47,3695.0,3532.0,3563.13,403597.1437,403597.1437,2021-10-15
213,3574.88,3653.98,3470.8,3587.47,486102.3591,486102.3591,2021-10-14
214,3515.48,3632.11,3342.0,3574.89,618265.5402,618265.5402,2021-10-13
215,3386.31,3545.0,3363.78,3515.27,393900.8818,393900.8818,2021-10-12
216,3417.73,3437.19,3270.0,3386.31,485204.642,485204.642,2021-10-11
217,3387.77,3488.0,3342.51,3417.73,360586.8905,360586.8905,2021-10-10
218,3309.91,3469.0,3257.0,3387.76,422551.1811,422551.1811,2021-10-09
219,3000.62,3330.0,2969.07,3309.91,648714.6151,648714.6151,2021-10-08
220,2850.45,3048.42,2837.19,3000.61,506896.7612,506896.7612,2021-10-07
221,2805.15,2950.0,2782.0,2850.45,411305.0893,411305.0893,2021-10-06
222,2924.76,2970.82,2789.0,2804.91,511325.4643,511325.4643,2021-10-05
223,3059.36,3164.94,2922.71,2925.59,510130.7319,510130.7319,2021-10-04
224,2921.84,3115.51,2738.17,3059.37,703594.478,703594.478,2021-10-03
225,2928.22,2967.52,2801.57,2921.73,491974.0226,491974.0226,2021-10-02
226,3152.41,3158.52,2733.0,2928.53,932090.8856,932090.8856,2021-10-01
227,3076.92,3174.5,3033.85,3152.5,459293.8858,459293.8858,2021-09-30
228,2766.72,3088.88,2737.54,3076.92,677457.64825,677457.64825,2021-09-29
229,2977.32,3105.83,2652.0,2765.9,971519.88941,971519.88941,2021-09-28
230,3328.57,3347.82,2913.39,2977.28,917939.57849,917939.57849,2021-09-27
231,3435.64,3456.53,3277.74,3328.62,312948.0013,312948.0013,2021-09-26
232,3399.89,3541.96,3368.88,3435.64,315162.7627,315162.7627,2021-09-25
233,3567.97,3594.17,3350.07,3399.81,398888.3705,398888.3705,2021-09-24
234,3613.55,3676.28,3481.14,3567.98,467985.4919,467985.4919,2021-09-23
235,3434.37,3616.16,3357.78,3613.55,428507.5278,428507.5278,2021-09-22
236,3285.09,3437.05,3269.95,3434.37,373634.9026,373634.9026,2021-09-21
237,3404.3,3430.3,3108.49,3285.35,647855.7199,647855.7199,2021-09-20
238,3267.1,3474.16,3231.1,3404.21,408858.9595,408858.9595,2021-09-19
239,3208.85,3348.37,3200.0,3267.21,413524.1761,413524.1761,2021-09-18
240,3424.94,3514.11,3150.0,3208.86,633026.2659,633026.2659,2021-09-17
241,3499.01,3567.06,3390.4,3424.93,628553.8831,628553.8831,2021-09-16
242,3434.84,3560.0,3215.16,3499.0,780611.7657,780611.7657,2021-09-15
243,3926.67,3947.15,3005.0,3434.57,1203536.00209,1203536.00209,2021-09-14
244,3950.28,3970.0,3864.3,3926.77,397768.5783,397768.5783,2021-09-13
245,3885.61,3980.0,3830.0,3950.29,365759.8597,365759.8597,2021-09-12
246,3938.11,3970.0,3832.5,3885.52,364478.1193,364478.1193,2021-09-11
247,3785.82,4027.88,3705.05,3938.11,655903.75739,655903.75739,2021-09-10
248,3826.82,3836.8,3717.04,3785.82,525165.7996,525165.7996,2021-09-09
249,3429.19,3842.0,3382.22,3826.82,845759.95868,845759.95868,2021-09-08
250,3229.14,3476.0,3188.77,3429.2,863071.13092,863071.13092,2021-09-07
251,3223.47,3347.95,3143.0,3229.64,625347.27541,625347.27541,2021-09-06
252,3244.75,3285.0,3152.34,3223.47,335806.7827,335806.7827,2021-09-05
253,3273.89,3287.0,3210.31,3244.48,262360.34921,262360.34921,2021-09-04
254,3093.06,3280.0,3060.18,3273.45,451027.80711,451027.80711,2021-09-03
255,3226.88,3250.0,3053.3,3093.2,442298.47372,442298.47372,2021-09-02
256,3170.63,3248.0,3080.0,3226.87,483697.69444,483697.69444,2021-09-01
257,3321.28,3357.85,3147.31,3170.62,540480.07853,540480.07853,2021-08-31
258,3238.0,3377.89,3230.02,3321.28,602103.44614,602103.44614,2021-08-30
259,3223.36,3272.0,3126.42,3238.0,406479.07654,406479.07654,2021-08-29
260,3284.81,3309.16,3207.0,3223.43,421156.09084,421156.09084,2021-08-28
261,3184.11,3300.0,3177.16,3284.82,558127.4554,558127.4554,2021-08-27
262,3014.18,3188.0,2958.33,3184.12,634769.92174,634769.92174,2021-08-26
263,3011.73,3125.81,2950.0,3014.55,625103.25568,625103.25568,2021-08-25
264,3147.18,3290.0,2991.89,3011.72,804996.06971,804996.06971,2021-08-24
265,3307.35,3335.0,3135.22,3146.53,635667.05422,635667.05422,2021-08-23
266,3263.16,3320.0,3111.13,3307.09,565579.67765,565579.67765,2021-08-22
267,3322.33,3330.98,3200.0,3263.16,486102.53787,486102.53787,2021-08-21
268,3046.11,3327.83,3033.8,3322.32,579333.40323,579333.40323,2021-08-20
269,3160.4,3239.0,2979.29,3045.96,737628.45808,737628.45808,2021-08-19
270,3141.14,3274.0,3120.27,3160.5,732546.60433,732546.60433,2021-08-18
271,3160.51,3233.0,3051.22,3141.66,880675.74443,880675.74443,2021-08-17
272,3011.84,3186.0,2893.23,3160.52,1129584.61614,1129584.61614,2021-08-16
273,3160.48,3189.99,2949.03,3011.85,966349.70579,966349.70579,2021-08-15
274,2891.54,3171.0,2865.5,3160.31,1205277.10095,1205277.10095,2021-08-14
275,2827.01,2946.75,2720.06,2891.58,825399.48637,825399.48637,2021-08-13
276,2724.55,2843.98,2529.91,2826.99,1307720.20654,1307720.20654,2021-08-12
277,2508.51,2772.71,2457.68,2724.78,954590.7536,954590.7536,2021-08-11
278,2606.92,2632.44,2442.32,2509.04,792960.84375,792960.84375,2021-08-10
279,2555.5,2666.0,2507.0,2606.93,726701.84952,726701.84952,2021-08-09
280,2531.1,2697.61,2511.24,2555.69,853495.94078,853495.94078,2021-08-08
281,2461.77,2553.86,2420.68,2531.05,507601.05026,507601.05026,2021-08-07
282,2382.93,2471.7,2315.92,2461.81,762577.28797,762577.28797,2021-08-06
283,2300.9,2400.0,2266.12,2382.92,499364.83496,499364.83496,2021-08-05
284,2299.47,2345.0,2243.15,2300.9,718202.57727,718202.57727,2021-08-04
285,2227.81,2319.26,2150.5,2299.49,906359.23478,906359.23478,2021-08-03
286,2189.82,2433.65,2171.57,2228.08,1393738.163,1393738.163,2021-08-02
287,2184.9,2197.41,2105.93,2189.79,535630.27,535630.27,2021-08-01
288,2124.26,2199.5,2105.58,2184.75,633075.18592,633075.18592,2021-07-31
289,2024.27,2130.9,1993.22,2124.25,708160.91322,708160.91322,2021-07-30
290,1995.5,2046.0,1947.62,2024.56,768854.3659,768854.3659,2021-07-29
291,1786.03,2035.23,1747.55,1995.5,1115949.82033,1115949.82033,2021-07-28
292,1818.73,1841.34,1706.0,1786.03,786257.272,786257.272,2021-07-27
293,1891.65,1919.0,1805.0,1818.73,547419.93771,547419.93771,2021-07-26
294,1899.5,1993.79,1877.1,1891.64,534837.63654,534837.63654,2021-07-25
295,1876.47,1919.19,1844.45,1899.59,430300.51578,430300.51578,2021-07-24
296,1919.54,1965.0,1850.0,1876.26,577068.89724,577068.89724,2021-07-23
297,1994.41,2042.88,1881.0,1919.51,645271.32563,645271.32563,2021-07-22
298,1940.44,2019.18,1865.0,1994.58,690505.60937,690505.60937,2021-07-21
299,2031.57,2047.35,1918.0,1940.15,647388.24969,647388.24969,2021-07-20
300,2140.54,2167.83,2006.68,2031.58,540630.10742,540630.10742,2021-07-19
301,2110.68,2174.0,2081.02,2140.45,342294.40302,342294.40302,2021-07-18
302,2146.99,2194.82,2074.16,2110.69,499071.85904,499071.85904,2021-07-17
303,2116.32,2189.4,2046.51,2146.99,738611.36304,738611.36304,2021-07-16
304,2316.25,2325.6,2084.79,2116.33,880265.04124,880265.04124,2021-07-15
305,2322.51,2409.0,2291.9,2316.57,666501.35572,666501.35572,2021-07-14
306,2196.85,2350.0,2193.0,2322.5,785330.17152,785330.17152,2021-07-13
307,2322.69,2324.64,2157.32,2196.53,781806.31605,781806.31605,2021-07-12
308,2226.99,2389.93,2189.58,2322.69,590656.25069,590656.25069,2021-07-11
309,2153.95,2240.0,2112.01,2226.99,569264.801,569264.801,2021-07-10
310,2106.41,2160.0,2018.5,2154.13,672282.37476,672282.37476,2021-07-09
311,2275.68,2275.93,2073.12,2106.41,787865.25137,787865.25137,2021-07-08
312,2165.46,2287.78,2087.99,2275.68,910583.6032,910583.6032,2021-07-07
313,2084.42,2245.0,2073.57,2165.33,831257.23277,831257.23277,2021-07-06
314,1982.27,2145.0,1960.52,2084.41,1044244.68308,1044244.68308,2021-07-05
315,1829.84,1984.5,1804.26,1982.28,696055.79307,696055.79307,2021-07-04
316,1808.97,1852.8,1717.32,1829.64,832315.14904,832315.14904,2021-07-03
317,1989.53,2019.99,1791.22,1808.82,858808.54767,858808.54767,2021-07-02
318,1967.95,2036.61,1884.79,1989.52,701231.67478,701231.67478,2021-07-01
319,1879.29,2045.0,1821.95,1968.14,918612.30494,918612.30494,2021-06-30
320,1885.27,1998.0,1700.48,1879.28,1695338.08052,1695338.08052,2021-06-29
321,2243.49,2260.16,1865.54,1885.49,1629819.66576,1629819.66576,2021-06-28
322,2165.34,2280.01,2040.68,2243.47,743883.64741,743883.64741,2021-06-27
323,2234.09,2278.82,2161.67,2164.67,496872.24997,496872.24997,2021-06-26
324,2373.28,2378.0,2139.0,2234.09,778905.20197,778905.20197,2021-06-25
325,2368.02,2460.5,2306.0,2373.28,560667.58566,560667.58566,2021-06-24
326,2543.55,2556.19,2351.18,2367.89,624741.78358,624741.78358,2021-06-23
327,2580.58,2640.0,2507.7,2543.54,599826.64933,599826.64933,2021-06-22
328,2509.33,2609.17,2461.0,2580.77,684183.55622,684183.55622,2021-06-21
329,2370.64,2548.41,2308.41,2509.33,715948.75986,715948.75986,2021-06-20
330,2354.09,2454.53,2256.22,2370.74,767439.4984,767439.4984,2021-06-19
331,2471.01,2497.99,2321.37,2354.01,587364.27358,587364.27358,2021-06-18
332,2610.2,2624.46,2425.11,2471.09,741237.49926,741237.49926,2021-06-17
333,2507.43,2626.63,2405.28,2610.18,1276718.24011,1276718.24011,2021-06-16
334,2592.05,2620.99,2304.91,2507.23,1693747.42759,1693747.42759,2021-06-15
335,2711.92,2847.55,2570.0,2592.05,1152128.07856,1152128.07856,2021-06-14
336,2627.63,2745.0,2614.0,2711.92,673792.69369,673792.69369,2021-06-13
337,2689.54,2816.87,2552.23,2627.73,961824.12413,961824.12413,2021-06-12
338,2857.25,2860.0,2552.0,2689.51,1188314.11191,1188314.11191,2021-06-11
339,2706.21,2891.95,2662.4,2857.25,1024290.89423,1024290.89423,2021-06-10
340,2634.31,2802.99,2550.0,2706.22,970070.53563,970070.53563,2021-06-09
341,2706.15,2740.0,2523.74,2634.57,1179577.10806,1179577.10806,2021-06-08
342,2385.82,2720.0,2271.44,2706.15,1307958.04068,1307958.04068,2021-06-07
343,2278.74,2476.42,2180.53,2385.98,1151113.19883,1151113.19883,2021-06-06
344,2412.34,2574.27,2204.1,2278.74,1379427.18851,1379427.18851,2021-06-05
345,2742.23,2762.45,2327.38,2412.1,1554584.61362,1554584.61362,2021-06-04
346,2884.82,2889.74,2633.68,2742.23,1099029.91206,1099029.91206,2021-06-03
347,2705.1,2910.0,2643.0,2884.94,1583799.59251,1583799.59251,2021-06-02
348,2647.92,2750.0,2378.54,2705.11,2115349.50445,2115349.50445,2021-06-01
349,2096.63,2675.0,2079.94,2648.43,2186632.92245,2186632.92245,2021-05-31
350,2295.45,2381.57,1728.74,2096.39,2914548.73125,2914548.73125,2021-05-30
351,2430.98,2485.0,2145.0,2294.87,1684318.01157,1684318.01157,2021-05-29
352,2767.87,2938.54,2101.0,2430.98,2727031.93514,2727031.93514,2021-05-28
353,2438.92,2990.05,2155.0,2768.62,2942777.9301,2942777.9301,2021-05-27
354,3375.08,3441.73,1888.0,2438.92,4309836.31939,4309836.31939,2021-05-26
355,3282.25,3565.71,3240.0,3375.07,1287110.84143,1287110.84143,2021-05-25
356,3581.81,3587.06,3102.0,3282.51,1904012.43998,1904012.43998,2021-05-24
357,3646.24,3879.0,3343.06,3582.1,1324065.65875,1324065.65875,2021-05-23
358,4075.02,4134.05,3632.0,3646.68,1039174.88082,1039174.88082,2021-05-22
359,3717.92,4173.28,3691.35,4075.01,1153390.42631,1153390.42631,2021-05-21
360,3810.15,4034.77,3500.0,3717.91,2068708.17427,2068708.17427,2021-05-20
361,4173.46,4372.72,3701.58,3823.21,1601842.74017,1601842.74017,2021-05-19
362,3946.63,4180.22,3771.64,4173.45,1095927.10403,1095927.10403,2021-05-18
363,3923.95,4208.0,3650.0,3945.88,1505897.92612,1505897.92612,2021-05-17
364,3910.26,3983.65,3726.08,3923.95,1000401.0082,1000401.0082,2021-05-16
365,3479.79,3958.33,3449.27,3910.26,1130467.54852,1130467.54852,2021-05-15
366,3489.74,3587.0,3353.23,3479.53,760544.64781,760544.64781,2021-05-14
367,3524.33,3605.4,3376.47,3489.73,920592.57706,920592.57706,2021-05-13
368,3239.01,3549.34,3200.23,3524.26,1174816.73588,1174816.73588,2021-05-12
369,3431.04,3527.0,3160.0,3239.01,1826039.38558,1826039.38558,2021-05-11
370,2949.33,3454.0,2949.32,3431.04,1329088.0628,1329088.0628,2021-05-10
371,2944.83,2985.0,2852.26,2949.56,571982.5445,571982.5445,2021-05-09
372,2772.42,2954.28,2743.41,2944.77,690260.07741,690260.07741,2021-05-08
373,2757.04,2798.3,2723.09,2772.42,695339.20482,695339.20482,2021-05-07
374,2748.23,2798.0,2668.0,2757.04,863890.01069,863890.01069,2021-05-06
375,2666.13,2760.0,2559.44,2748.24,999383.1852,999383.1852,2021-05-05
376,2532.06,2680.0,2480.29,2666.13,771728.46451,771728.46451,2021-05-04
377,2320.44,2542.8,2303.64,2532.6,1076469.01367,1076469.01367,2021-05-03
378,2214.08,2356.64,2168.0,2320.49,857517.38218,857517.38218,2021-05-02
379,2367.39,2368.74,2154.8,2213.35,997688.94623,997688.94623,2021-05-01
380,2397.94,2442.89,2107.0,2367.39,2532242.44185,2532242.44185,2021-04-30
381,2357.06,2644.47,2303.44,2397.94,2220753.09746,2220753.09746,2021-04-29
382,2330.26,2469.54,2235.16,2357.06,1177885.8617,1177885.8617,2021-04-28
383,2161.12,2346.62,2055.0,2330.03,992240.809,992240.809,2021-04-27
384,2235.65,2300.0,2080.0,2161.12,820592.26555,820592.26555,2021-04-26
385,2317.65,2340.0,1946.8,2235.64,1475383.69204,1475383.69204,2021-04-25
386,2422.38,2495.0,2310.0,2317.6,624232.25568,624232.25568,2021-04-24
387,2514.04,2548.29,2300.0,2422.67,999163.75205,999163.75205,2021-04-23
388,2432.59,2543.47,2400.0,2514.04,681950.96645,681950.96645,2021-04-22
389,2299.19,2447.29,2281.33,2432.6,972931.60866,972931.60866,2021-04-21
390,2137.86,2318.0,2135.53,2299.19,782608.6209,782608.6209,2021-04-20
391,2151.42,2203.46,2102.0,2137.69,579093.35694,579093.35694,2021-04-19
392,2133.49,2165.02,2113.4,2151.36,392265.50773,392265.50773,2021-04-18
393,2067.19,2200.0,2058.0,2133.49,655458.20894,655458.20894,2021-04-17
394,2080.39,2100.0,2047.57,2066.87,426387.4379,426387.4379,2021-04-16
395,1963.46,2084.61,1947.35,2080.46,501355.998,501355.998,2021-04-15
396,2112.22,2129.01,1930.01,1963.47,892984.90422,892984.90422,2021-04-14
397,2107.43,2151.0,2044.65,2112.21,673386.05575,673386.05575,2021-04-13
398,2075.7,2130.64,2002.15,2107.38,684923.61494,684923.61494,2021-04-12
399,2008.59,2091.83,1975.24,2075.69,514345.76554,514345.76554,2021-04-11
400,2133.69,2138.12,1996.3,2008.52,770176.32192,770176.32192,2021-04-10
401,1968.05,2146.0,1948.48,2133.69,846197.93215,846197.93215,2021-04-09
402,1919.37,1984.77,1885.02,1968.05,741585.07266,741585.07266,2021-04-08
403,1840.41,1947.29,1768.15,1919.37,746995.8591,746995.8591,2021-04-07
404,1816.76,1859.13,1786.3,1840.46,568842.00526,568842.00526,2021-04-06
405,1687.16,1841.0,1677.85,1816.74,647724.46387,647724.46387,2021-04-05
406,1712.52,1725.66,1661.4,1687.01,348895.51314,348895.51314,2021-04-04
407,1698.84,1732.67,1666.41,1712.63,443845.49957,443845.49957,2021-04-03
408,1585.83,1699.93,1585.79,1698.84,515470.92907,515470.92907,2021-04-02
409,1581.88,1622.0,1549.4,1585.74,701697.00258,701697.00258,2021-04-01
410,1668.2,1740.86,1536.92,1581.84,753834.52393,753834.52393,2021-03-31
411,1681.17,1721.17,1650.0,1668.08,577213.99589,577213.99589,2021-03-30
412,1783.23,1807.51,1655.15,1680.97,582727.49081,582727.49081,2021-03-29
413,1806.57,1817.16,1747.0,1782.98,465953.98749,465953.98749,2021-03-28
414,1809.01,1868.83,1800.86,1806.1,451556.10639,451556.10639,2021-03-27
415,1775.92,1840.61,1733.47,1809.1,500258.42875,500258.42875,2021-03-26
416,1823.58,1850.0,1759.04,1776.08,603721.61056,603721.61056,2021-03-25
417,1805.01,1838.88,1741.18,1823.58,658349.44843,658349.44843,2021-03-24
418,1793.99,1819.5,1711.68,1805.12,764993.40147,764993.40147,2021-03-23
419,1848.1,1891.76,1730.0,1793.48,1025326.79658,1025326.79658,2021-03-22
420,1922.35,1933.1,1836.0,1848.1,637963.63627,637963.63627,2021-03-21
421,1766.13,1944.3,1727.75,1922.35,926283.22642,926283.22642,2021-03-20
422,1825.78,1841.88,1719.72,1766.1,869564.6361,869564.6361,2021-03-19
423,1795.28,1846.7,1725.0,1825.78,909011.4961,909011.4961,2021-03-18
424,1870.5,1877.69,1757.0,1795.12,937230.62831,937230.62831,2021-03-17
425,1833.22,1870.77,1798.2,1870.51,857229.47855,857229.47855,2021-03-16
426,1726.46,1843.59,1664.96,1833.18,1149711.39987,1149711.39987,2021-03-15
427,1650.68,1734.16,1630.35,1726.16,848470.78136,848470.78136,2021-03-14
428,1528.08,1671.58,1513.03,1650.35,1013300.93928,1013300.93928,2021-03-13
429,1539.22,1548.96,1441.66,1528.31,910786.28976,910786.28976,2021-03-12
430,1567.68,1624.87,1506.36,1539.23,946365.67088,946365.67088,2021-03-11
431,1486.79,1656.94,1475.47,1567.69,1054846.31471,1054846.31471,2021-03-10
432,1570.0,1602.9,1455.52,1486.78,1061142.38743,1061142.38743,2021-03-09
433,1418.67,1572.0,1409.91,1569.86,1094695.17839,1094695.17839,2021-03-08
434,1458.27,1468.75,1293.18,1419.18,1410207.56284,1410207.56284,2021-03-07
435,1444.56,1529.0,1425.0,1458.13,927423.0475,927423.0475,2021-03-06
436,1482.08,1562.25,1400.0,1444.59,1355973.29378,1355973.29378,2021-03-05
437,1623.16,1671.59,1459.16,1481.75,1032670.79409,1032670.79409,2021-03-04
438,1577.79,1712.7,1500.2,1623.39,1384388.81727,1384388.81727,2021-03-03
439,1777.42,1782.39,1355.0,1577.89,2547837.82068,2547837.82068,2021-03-02
440,1933.54,1936.29,1551.0,1777.58,1807244.98099,1807244.98099,2021-03-01
441,1912.9,1976.31,1883.01,1933.53,756568.19743,756568.19743,2021-02-28
442,1955.46,2042.34,1803.14,1913.0,1261315.81279,1261315.81279,2021-02-27
443,1938.91,1972.82,1891.0,1955.0,793404.4115,793404.4115,2021-02-26
444,1849.7,1950.5,1849.69,1939.61,937227.10191,937227.10191,2021-02-25
445,1781.99,1855.0,1733.01,1849.88,795711.63311,795711.63311,2021-02-24
446,1779.33,1827.28,1724.0,1781.99,817493.47513,817493.47513,2021-02-23
447,1800.03,1835.72,1655.67,1779.25,1053474.57879,1053474.57879,2021-02-22
448,1815.25,1850.0,1784.11,1800.42,675261.77873,675261.77873,2021-02-21
449,1840.24,1871.72,1765.0,1814.96,767589.07285,767589.07285,2021-02-20
450,1785.83,1864.88,1739.88,1840.26,909600.20653,909600.20653,2021-02-19
451,1740.76,1819.0,1703.44,1785.62,735079.82699,735079.82699,2021-02-18
452,1769.14,1837.86,1680.0,1740.78,1219932.25474,1219932.25474,2021-02-17
453,1749.68,1821.88,1708.49,1769.13,1185071.89593,1185071.89593,2021-02-16
454,1611.46,1775.57,1563.89,1750.15,1339777.09536,1339777.09536,2021-02-15
455,1676.35,1693.0,1490.46,1611.62,1281734.86814,1281734.86814,2021-02-14
456,1718.95,1743.67,1642.94,1676.35,1149808.33101,1149808.33101,2021-02-13
457,1595.53,1760.49,1591.0,1719.19,1194123.29946,1194123.29946,2021-02-12
458,1664.67,1695.2,1554.44,1595.67,1646502.32962,1646502.32962,2021-02-11
459,1511.93,1669.35,1508.39,1664.49,1535869.88801,1535869.88801,2021-02-10
460,1374.09,1547.9,1360.28,1511.87,1944227.99878,1944227.99878,2021-02-09
461,1312.45,1377.99,1269.99,1374.17,1096397.91862,1096397.91862,2021-02-08
462,1378.04,1380.74,1281.12,1312.55,958704.85571,958704.85571,2021-02-07
463,1379.56,1406.0,1326.41,1378.05,1040042.2363,1040042.2363,2021-02-06
464,1329.44,1436.9,1285.35,1379.5,2253963.18682,2253963.18682,2021-02-05
465,1238.93,1360.0,1217.23,1329.69,1365269.71962,1365269.71962,2021-02-04
466,1366.54,1373.9,1207.0,1239.03,2009772.08358,2009772.08358,2021-02-03
467,1317.6,1378.49,1244.56,1365.97,1682923.65799,1682923.65799,2021-02-02
468,1392.19,1475.0,1293.69,1317.88,1885441.31289,1885441.31289,2021-02-01
469,1233.46,1398.83,1220.0,1392.51,1510879.53817,1510879.53817,2021-01-31
470,1232.61,1272.44,1195.9,1233.6,1009545.08258,1009545.08258,2021-01-30
471,1111.98,1273.79,1042.31,1232.62,2020593.21673,2020593.21673,2021-01-29
472,1376.72,1390.0,1086.0,1110.96,2254164.80365,2254164.80365,2021-01-28
473,1365.36,1407.93,1235.42,1376.99,2219137.62144,2219137.62144,2021-01-27
474,1258.52,1438.3,1251.49,1365.36,2278852.55758,2278852.55758,2021-01-26
475,1232.5,1260.75,1182.58,1258.45,998050.11073,998050.11073,2021-01-25
476,1227.83,1269.02,1165.0,1232.45,1317285.00579,1317285.00579,2021-01-24
477,1168.48,1298.0,1151.77,1227.83,1575384.43797,1575384.43797,2021-01-23
478,1231.89,1256.98,1069.42,1168.53,1944038.83738,1944038.83738,2021-01-22
479,1129.79,1247.55,1086.7,1231.62,1555737.38556,1555737.38556,2021-01-21
480,1050.36,1137.65,987.48,1129.89,1564202.39081,1564202.39081,2021-01-20
481,1087.0,1150.02,1006.33,1050.16,2302645.34052,2302645.34052,2021-01-19
482,1254.24,1260.0,915.0,1087.01,4068784.65678,4068784.65678,2021-01-18
483,1276.0,1348.33,1170.0,1254.25,1951179.35003,1951179.35003,2021-01-17
484,1216.72,1304.37,1171.36,1276.0,1448871.11514,1448871.11514,2021-01-16
485,1224.86,1273.75,1065.0,1216.93,2131172.92341,2131172.92341,2021-01-15
486,1208.75,1289.0,1131.0,1224.87,1972922.82059,1972922.82059,2021-01-14
487,1100.16,1213.0,1057.26,1208.42,2390136.59334,2390136.59334,2021-01-13
488,1041.45,1134.6,974.45,1099.56,2706995.67525,2706995.67525,2021-01-12
489,978.33,1162.97,890.0,1041.43,4245010.94004,4245010.94004,2021-01-11
490,774.44,1011.07,768.71,978.28,2813603.88615,2813603.88615,2021-01-10
491,728.91,787.69,714.91,774.56,1352618.57668,1352618.57668,2021-01-09
492,736.42,749.0,714.29,728.91,675114.09329,675114.09329,2021-01-08
493,752.17,755.74,722.0,736.42,863375.57981,863375.57981,2021-01-07
494,732.0,758.74,716.62,752.17,1008574.09906,1008574.09906,2021-01-06
495,730.4,740.78,689.2,732.0,1106876.35855,1106876.35855,2021-01-05
496,685.1,748.09,681.04,730.41,1627154.39266,1627154.39266,2021-01-04
497,637.44,717.13,625.0,685.11,1859968.15029,1859968.15029,2021-01-03
498,626.78,652.91,615.26,637.44,958585.50647,958585.50647,2021-01-02
499,612.31,634.24,604.28,626.82,798009.62915,798009.62915,2021-01-01
500,585.48,615.02,565.43,612.31,886335.86333,886335.86333,2020-12-31
501,636.41,638.44,551.28,585.56,1208807.36518,1208807.36518,2020-12-30
502,607.68,637.73,588.0,636.45,918851.25654,918851.25654,2020-12-29
503,638.1,648.0,595.9,607.58,843251.16565,843251.16565,2020-12-28
504,658.05,661.39,621.01,638.18,823958.22843,823958.22843,2020-12-27
505,653.76,669.95,645.42,658.03,858803.88459,858803.88459,2020-12-26
506,642.71,664.61,629.4,653.85,1000012.98018,1000012.98018,2020-12-25
507,637.18,676.25,625.76,642.7,2006130.01975,2006130.01975,2020-12-24
508,588.78,640.0,580.71,637.18,1185588.05078,1185588.05078,2020-12-23
509,586.29,597.2,578.58,588.64,569270.52011,569270.52011,2020-12-22
510,590.81,591.48,575.6,586.29,493012.02706,493012.02706,2020-12-21
511,568.09,595.0,563.22,590.7,657794.46158,657794.46158,2020-12-20
512,544.46,574.0,543.1,568.04,573913.95311,573913.95311,2020-12-19
513,558.99,560.8,535.5,544.43,768921.78317,768921.78317,2020-12-18
514,573.2,575.7,548.11,558.99,608414.51466,608414.51466,2020-12-17
515,554.92,578.08,530.43,573.09,997192.16738,997192.16738,2020-12-16
516,591.27,595.0,549.22,554.94,804443.00717,804443.00717,2020-12-15
517,601.59,603.15,584.22,591.28,498329.37589,498329.37589,2020-12-14
518,596.82,607.5,583.0,601.54,602496.96339,602496.96339,2020-12-13
519,567.24,597.11,560.88,596.8,701567.95564,701567.95564,2020-12-12
520,615.84,620.0,565.82,567.24,1052452.78666,1052452.78666,2020-12-11
521,596.88,623.44,585.82,615.85,935687.91723,935687.91723,2020-12-10
522,585.26,604.93,575.0,596.89,1069538.65619,1069538.65619,2020-12-09
523,616.65,635.7,560.0,585.26,2163875.81376,2163875.81376,2020-12-08
524,576.32,616.85,570.07,616.66,1501989.45408,1501989.45408,2020-12-07
525,537.5,576.9,530.32,576.3,855276.46664,855276.46664,2020-12-06
526,518.59,547.94,506.59,537.52,900508.61431,900508.61431,2020-12-05
527,519.83,530.62,493.72,518.68,1088064.28114,1088064.28114,2020-12-04
528,569.38,577.14,481.0,519.83,2683460.74171,2683460.74171,2020-12-03
529,604.98,606.0,553.83,569.5,1219440.02727,1219440.02727,2020-12-02
530,608.58,623.0,585.0,604.97,1606450.49193,1606450.49193,2020-12-01
531,560.03,610.85,550.12,608.58,2076008.84846,2076008.84846,2020-11-30
532,552.42,580.88,511.28,560.03,1850317.93581,1850317.93581,2020-11-29
533,510.12,553.32,502.82,552.35,1548851.29067,1548851.29067,2020-11-28
534,471.26,514.4,470.65,510.12,1516361.90736,1516361.90736,2020-11-27
535,478.43,480.75,464.86,471.25,817418.52685,817418.52685,2020-11-26
536,482.11,495.31,456.6,478.41,1477696.29116,1477696.29116,2020-11-25
537,460.51,484.88,459.8,482.15,1151573.37456,1151573.37456,2020-11-24
538,448.07,466.0,445.45,460.55,812060.44638,812060.44638,2020-11-23
539,460.9,462.89,440.19,448.08,665217.56671,665217.56671,2020-11-22
540,476.42,477.47,452.0,460.89,735252.7854,735252.7854,2020-11-21
541,462.48,478.01,457.12,476.43,976665.09752,976665.09752,2020-11-20
542,463.09,470.0,451.2,462.39,990776.62912,990776.62912,2020-11-19
543,450.34,476.25,449.28,463.09,1205782.84262,1205782.84262,2020-11-18
544,444.32,455.0,438.7,450.34,866872.41108,866872.41108,2020-11-17
545,454.29,459.1,433.09,444.32,1099213.24641,1099213.24641,2020-11-16
546,435.2,460.1,431.99,454.3,840908.46841,840908.46841,2020-11-15
547,455.91,468.28,424.14,435.21,1653416.5961,1653416.5961,2020-11-14
548,416.73,458.27,414.76,455.91,1682440.96026,1682440.96026,2020-11-13
549,402.5,420.4,396.14,416.69,1475139.77342,1475139.77342,2020-11-12
550,387.88,408.39,376.47,402.49,1157064.35076,1157064.35076,2020-11-11
551,383.01,390.0,370.23,387.88,752954.37114,752954.37114,2020-11-10
552,396.68,404.5,377.92,383.02,779968.57957,779968.57957,2020-11-09
553,386.44,398.29,384.61,396.67,438952.95565,438952.95565,2020-11-08
554,382.59,394.88,379.9,386.46,467453.8105,467453.8105,2020-11-07
555,387.12,391.97,373.29,382.49,771750.74746,771750.74746,2020-11-06
556,388.22,393.72,380.52,387.13,573096.01416,573096.01416,2020-11-05
557,403.41,409.2,380.52,388.23,855275.46882,855275.46882,2020-11-04
558,392.52,410.25,389.9,403.45,754244.37552,754244.37552,2020-11-03
559,405.85,411.11,382.3,392.52,895142.67266,895142.67266,2020-11-02
560,412.14,417.4,402.5,405.86,415586.9761,415586.9761,2020-11-01
561,409.19,416.66,407.0,412.14,419236.87106,419236.87106,2020-10-31
562,413.94,419.33,401.3,409.11,727832.3224,727832.3224,2020-10-30
563,390.31,420.73,390.21,413.98,1095897.20667,1095897.20667,2020-10-29
564,368.53,401.49,367.74,390.38,1221663.63784,1221663.63784,2020-10-28
565,379.3,380.73,365.27,368.52,617309.81677,617309.81677,2020-10-27
566,378.12,384.32,372.5,379.3,577252.90265,577252.90265,2020-10-26
567,368.31,378.64,367.1,378.11,323468.47095,323468.47095,2020-10-25
568,365.5,370.46,363.36,368.32,285578.24537,285578.24537,2020-10-24
569,377.63,379.83,361.18,365.5,654029.36404,654029.36404,2020-10-23
570,378.69,381.79,369.85,377.64,634038.09453,634038.09453,2020-10-22
571,381.05,387.41,373.13,378.69,569557.82936,569557.82936,2020-10-21
572,386.51,387.75,374.51,381.04,645141.91394,645141.91394,2020-10-20
573,374.17,394.8,365.58,386.51,844422.65444,844422.65444,2020-10-19
574,370.51,377.6,368.87,374.16,373318.23779,373318.23779,2020-10-18
575,365.01,378.4,364.71,370.52,591005.32129,591005.32129,2020-10-17
576,350.94,368.33,347.32,365.02,650478.19338,650478.19338,2020-10-16
577,341.58,353.32,334.21,350.95,631794.8756,631794.8756,2020-10-15
578,340.8,342.85,332.18,341.58,541928.86376,541928.86376,2020-10-14
579,353.63,355.1,336.8,340.75,640063.26951,640063.26951,2020-10-13
580,352.34,356.1,348.54,353.62,376740.30692,376740.30692,2020-10-12
581,345.94,354.45,343.81,352.37,343932.91712,343932.91712,2020-10-11
582,345.6,351.0,343.7,345.95,303595.71901,303595.71901,2020-10-10
583,352.83,354.55,334.24,345.6,733571.84211,733571.84211,2020-10-09
584,359.83,370.45,345.51,352.85,758349.31959,758349.31959,2020-10-08
585,359.78,361.5,351.56,359.83,498943.23226,498943.23226,2020-10-07
586,353.91,360.63,350.45,359.79,585143.16892,585143.16892,2020-10-06
587,357.58,368.2,351.7,353.96,757758.4304,757758.4304,2020-10-05
588,353.95,362.14,347.24,357.49,569568.55041,569568.55041,2020-10-04
589,351.93,356.4,345.88,353.92,530879.20755,530879.20755,2020-10-03
590,348.97,358.0,337.58,351.92,860643.77924,860643.77924,2020-10-02
591,320.72,353.1,316.67,348.97,1071705.09721,1071705.09721,2020-10-01
592,344.18,344.65,313.29,320.72,940904.49756,940904.49756,2020-09-30
593,340.31,346.91,335.34,344.21,842731.12878,842731.12878,2020-09-29
594,371.04,376.8,331.0,340.36,1283946.03098,1283946.03098,2020-09-28
595,385.25,385.45,365.0,371.04,693164.40144,693164.40144,2020-09-27
596,384.4,388.72,377.0,385.25,570908.33553,570908.33553,2020-09-26
597,389.35,392.58,375.33,384.39,804194.47219,804194.47219,2020-09-25
598,365.04,394.14,363.3,389.36,1256300.411,1256300.411,2020-09-24
599,364.05,373.45,355.0,365.11,841709.98939,841709.98939,2020-09-23
600,377.12,382.47,362.34,364.06,883856.33005,883856.33005,2020-09-22
601,366.43,384.64,355.73,377.12,1042059.62265,1042059.62265,2020-09-21
602,387.78,390.43,350.0,366.42,989195.69047,989195.69047,2020-09-20
603,373.62,388.57,364.73,387.78,766542.31635,766542.31635,2020-09-19
604,367.93,375.27,355.49,373.63,844017.59966,844017.59966,2020-09-18
605,350.85,377.25,349.91,367.93,1134287.61137,1134287.61137,2020-09-17
606,337.41,359.0,330.51,350.85,879760.56255,879760.56255,2020-09-16
607,353.59,356.58,325.38,337.39,1400246.82962,1400246.82962,2020-09-15
608,352.85,358.51,323.0,353.59,1740618.42462,1740618.42462,2020-09-14
609,335.04,360.0,316.1,352.8,2017811.14721,2017811.14721,2020-09-13
610,385.3,395.0,308.42,335.01,2777166.51389,2777166.51389,2020-09-12
611,381.35,400.21,357.0,385.26,1806488.22474,1806488.22474,2020-09-11
612,439.5,450.7,372.0,381.4,2408569.34151,2408569.34151,2020-09-10
613,475.4,481.39,420.0,439.5,1880642.46853,1880642.46853,2020-09-09
614,433.8,488.84,429.03,475.4,1751354.57719,1751354.57719,2020-09-08
615,428.94,439.0,418.04,433.79,1040748.68881,1040748.68881,2020-09-07
616,398.65,429.89,398.3,428.94,894979.71788,894979.71788,2020-09-06
617,395.1,405.69,391.88,398.65,659802.63344,659802.63344,2020-09-05
618,383.31,398.0,379.75,395.11,732601.46905,732601.46905,2020-09-04
619,385.81,397.1,371.48,383.27,877763.73658,877763.73658,2020-09-03
620,382.91,392.91,377.37,385.81,738690.7794,738690.7794,2020-09-02
621,407.68,409.06,370.0,382.93,970445.38395,970445.38395,2020-09-01
622,390.72,410.42,387.44,407.68,717403.81877,717403.81877,2020-08-31
623,395.23,396.95,383.15,390.71,445317.81989,445317.81989,2020-08-30
624,387.93,397.04,379.92,395.24,643235.76543,643235.76543,2020-08-29
625,415.94,418.68,385.1,387.97,860998.7256,860998.7256,2020-08-28
626,407.46,418.98,402.07,415.94,663555.73445,663555.73445,2020-08-27
627,421.92,426.75,393.25,407.46,978339.69221,978339.69221,2020-08-26
628,430.89,433.81,415.0,421.95,743254.57018,743254.57018,2020-08-25
629,433.61,446.0,420.37,430.89,868870.64996,868870.64996,2020-08-24
630,432.3,436.99,412.47,433.62,716666.25258,716666.25258,2020-08-23
631,438.12,442.94,427.02,432.32,681698.5971,681698.5971,2020-08-22
632,424.54,444.71,417.05,438.11,1109670.94324,1109670.94324,2020-08-21
633,387.18,431.49,376.59,424.54,1511330.7732,1511330.7732,2020-08-20
634,378.99,389.23,365.85,387.18,751848.7983,751848.7983,2020-08-19
635,395.43,398.21,367.0,379.0,992412.6023,992412.6023,2020-08-18
636,390.14,399.18,385.13,395.44,826969.90633,826969.90633,2020-08-17
637,397.05,400.0,383.36,390.14,594900.58133,594900.58133,2020-08-16
638,379.34,397.05,375.79,397.03,623029.78053,623029.78053,2020-08-15
639,394.77,398.26,362.85,379.34,1041207.35946,1041207.35946,2020-08-14
640,400.72,403.66,390.51,394.77,821379.08397,821379.08397,2020-08-13
641,389.59,407.0,384.11,400.72,1124119.0672,1124119.0672,2020-08-12
642,385.91,402.98,380.77,389.61,1180792.42379,1180792.42379,2020-08-11
643,372.45,398.0,366.5,385.94,1191565.09389,1191565.09389,2020-08-10
644,387.01,415.85,325.0,372.42,2324909.09616,2324909.09616,2020-08-09
645,346.32,392.67,343.07,387.0,1440843.34203,1440843.34203,2020-08-08
646,334.82,349.45,328.4,346.33,948088.44982,948088.44982,2020-08-07
647,317.76,342.0,314.05,334.87,1008827.56698,1008827.56698,2020-08-06
648,316.77,325.0,312.38,317.71,792802.32148,792802.32148,2020-08-05
649,321.95,326.8,305.86,316.77,1093231.55578,1093231.55578,2020-08-04
650,311.02,333.31,310.78,321.93,1636122.34727,1636122.34727,2020-08-03
651,305.31,318.75,299.0,311.0,1270368.753,1270368.753,2020-08-02
652,279.15,308.94,279.09,305.26,1058927.30554,1058927.30554,2020-08-01
653,275.31,287.34,266.0,279.15,926033.06692,926033.06692,2020-07-31
654,263.75,279.98,259.7,275.3,1068774.57879,1068774.57879,2020-07-30
655,245.53,269.61,241.51,263.74,718417.68296,718417.68296,2020-07-29
656,236.0,246.66,235.57,245.59,637462.08074,637462.08074,2020-07-28
657,239.12,239.72,234.05,236.01,396657.91938,396657.91938,2020-07-27
658,235.67,239.92,233.28,239.11,348803.52073,348803.52073,2020-07-26
659,232.66,236.8,232.32,235.67,341356.6182,341356.6182,2020-07-25
660,233.58,234.84,231.65,232.67,325600.21444,325600.21444,2020-07-24
661,238.59,239.39,230.02,233.57,587161.73894,587161.73894,2020-07-23
662,240.45,241.45,236.83,238.61,368350.66518,368350.66518,2020-07-22
663,239.5,242.09,237.0,240.44,426320.89188,426320.89188,2020-07-21
664,242.76,245.33,237.33,239.5,604093.04245,604093.04245,2020-07-20
665,239.19,244.0,236.52,242.79,469315.1172,469315.1172,2020-07-19
666,241.27,241.67,237.54,239.19,294476.00626,294476.00626,2020-07-18
667,241.97,242.16,235.72,241.26,455025.12385,455025.12385,2020-07-17
668,246.94,247.9,237.88,241.98,647641.58291,647641.58291,2020-07-16
669,239.39,248.88,237.78,246.95,958185.83708,958185.83708,2020-07-15
670,241.6,243.77,234.4,239.39,600424.97209,600424.97209,2020-07-14
671,227.54,242.0,226.93,241.6,864817.507,864817.507,2020-07-13
672,229.24,229.85,223.05,227.56,355747.12006,355747.12006,2020-07-12
673,224.86,230.71,224.43,229.17,307726.46593,307726.46593,2020-07-11
674,226.46,228.13,223.97,224.87,314578.5004,314578.5004,2020-07-10
675,230.99,232.01,222.87,226.46,592485.91115,592485.91115,2020-07-09
676,225.59,232.71,224.16,230.99,517351.58865,517351.58865,2020-07-08
677,227.98,228.7,222.91,225.6,415036.02977,415036.02977,2020-07-07
678,224.89,229.96,221.26,227.93,597915.52242,597915.52242,2020-07-06
679,220.94,227.96,218.32,224.93,444766.56881,444766.56881,2020-07-05
680,229.66,231.42,216.0,220.94,645950.61438,645950.61438,2020-07-04
681,232.49,233.61,227.75,229.64,628340.07007,628340.07007,2020-07-03
682,234.57,235.39,227.56,232.5,613748.59348,613748.59348,2020-07-02
683,243.15,249.24,231.07,234.58,921634.0534,921634.0534,2020-07-01
684,243.11,244.87,240.75,243.14,442296.31477,442296.31477,2020-06-30
685,228.03,246.89,227.51,243.13,749030.11114,749030.11114,2020-06-29
686,228.88,231.49,227.11,228.04,256305.23734,256305.23734,2020-06-28
687,229.0,230.85,225.62,228.89,303704.98826,303704.98826,2020-06-27
688,231.26,231.95,226.74,229.0,397284.59808,397284.59808,2020-06-26
689,233.82,234.65,227.93,231.27,334347.79917,334347.79917,2020-06-25
690,235.31,237.3,227.65,233.82,478187.2917,478187.2917,2020-06-24
691,230.86,236.0,228.7,235.3,499194.66758,499194.66758,2020-06-23
692,231.74,233.55,218.27,230.86,875026.92057,875026.92057,2020-06-22
693,238.13,238.59,229.83,231.77,304943.21188,304943.21188,2020-06-21
694,237.55,238.73,234.66,238.11,253797.7809,253797.7809,2020-06-20
695,230.46,239.38,228.19,237.55,446515.34124,446515.34124,2020-06-19
696,247.78,250.09,226.2,230.51,816456.89161,816456.89161,2020-06-18
697,243.79,250.28,242.0,247.78,431285.61715,431285.61715,2020-06-17
698,246.37,249.82,238.0,243.8,420327.17133,420327.17133,2020-06-16
699,244.57,247.7,240.59,246.4,383116.54719,383116.54719,2020-06-15
700,241.94,245.37,234.6,244.56,571102.55515,571102.55515,2020-06-14
701,240.04,244.7,237.83,241.94,389423.07798,389423.07798,2020-06-13
702,243.22,247.87,239.14,240.03,502547.41103,502547.41103,2020-06-12
703,244.54,246.6,236.0,243.21,669369.3392,669369.3392,2020-06-11
704,237.71,245.0,232.71,244.52,502928.13371,502928.13371,2020-06-10
705,248.23,253.8,225.0,237.71,955520.91863,955520.91863,2020-06-09
706,231.56,250.68,230.66,248.23,823816.69936,823816.69936,2020-06-08
707,243.71,245.39,229.58,231.57,821608.68884,821608.68884,2020-06-07
708,220.63,247.0,218.8,243.66,1019550.75146,1019550.75146,2020-06-06
709,220.24,224.79,217.57,220.67,603058.0759,603058.0759,2020-06-05
710,208.29,220.5,204.67,220.21,643945.97769,643945.97769,2020-06-04
711,200.92,208.44,200.76,208.29,494816.72727,494816.72727,2020-06-03
712,204.22,205.0,196.9,200.89,477176.7353,477176.7353,2020-06-02
713,199.9,205.67,198.01,204.15,469931.62492,469931.62492,2020-06-01
714,206.6,210.55,199.5,199.9,673535.05784,673535.05784,2020-05-31
715,207.36,211.2,204.55,206.6,478559.92006,478559.92006,2020-05-30
716,198.72,209.19,196.24,207.36,787672.36081,787672.36081,2020-05-29
717,209.99,211.64,191.71,198.74,1003923.4342,1003923.4342,2020-05-28
718,214.6,215.75,204.27,209.98,679532.61037,679532.61037,2020-05-27
719,214.92,215.95,209.45,214.58,643702.98849,643702.98849,2020-05-26
720,207.02,217.07,207.0,214.91,1064139.2485,1064139.2485,2020-05-25
721,200.44,209.85,199.68,207.0,708711.89315,708711.89315,2020-05-24
722,194.87,203.5,193.21,200.45,669900.03754,669900.03754,2020-05-23
723,203.29,204.08,191.66,194.86,904749.6357,904749.6357,2020-05-22
724,199.61,206.02,195.67,203.29,1114700.24937,1114700.24937,2020-05-21
725,189.77,201.0,188.35,199.58,806143.00704,806143.00704,2020-05-20
726,185.8,192.24,185.48,189.76,669755.79567,669755.79567,2020-05-19
727,187.62,193.5,176.0,185.73,1093299.81927,1093299.81927,2020-05-18
728,210.09,210.18,179.59,187.54,1473226.05475,1473226.05475,2020-05-17
729,211.32,214.6,208.4,210.07,587871.98073,587871.98073,2020-05-16
730,212.01,216.61,206.9,211.31,917908.1944,917908.1944,2020-05-15
731,198.92,215.1,196.43,212.0,1305778.73764,1305778.73764,2020-05-14
732,205.3,210.77,197.71,198.97,862700.67849,862700.67849,2020-05-13
733,206.47,211.68,201.0,205.29,640644.66268,640644.66268,2020-05-12
734,209.86,210.65,194.88,206.48,1114249.32658,1114249.32658,2020-05-11
735,213.89,219.3,203.92,209.86,748383.91311,748383.91311,2020-05-10
736,212.01,215.37,210.36,213.9,443494.67248,443494.67248,2020-05-09
737,206.07,217.14,205.91,212.02,794913.95828,794913.95828,2020-05-08
738,215.4,227.3,202.0,206.08,1749691.00151,1749691.00151,2020-05-07
739,196.24,218.77,196.22,215.36,1620422.72431,1620422.72431,2020-05-06
740,196.33,198.5,192.36,196.24,636829.89397,636829.89397,2020-05-05
741,197.39,199.05,189.29,196.34,896627.37271,896627.37271,2020-05-04
742,194.21,200.0,192.3,197.38,758525.81533,758525.81533,2020-05-03
743,187.6,198.36,185.76,194.21,866478.04928,866478.04928,2020-05-02
744,185.57,189.8,184.72,187.59,780904.21257,780904.21257,2020-05-01
745,182.7,193.63,178.16,185.51,1457867.08713,1457867.08713,2020-04-30
746,170.73,184.0,169.78,182.7,988698.39076,988698.39076,2020-04-29
747,170.21,174.7,168.0,170.74,906381.65398,906381.65398,2020-04-28
748,180.02,186.46,166.7,170.2,1547821.52737,1547821.52737,2020-04-27
749,187.4,188.35,175.75,180.03,995759.5775,995759.5775,2020-04-26
750,170.61,189.54,170.48,187.4,1127296.36979,1127296.36979,2020-04-25
751,172.31,174.96,168.31,170.69,723537.75591,723537.75591,2020-04-24
752,152.74,174.79,148.33,172.29,1647207.59991,1647207.59991,2020-04-23
753,158.46,161.29,152.0,152.73,729119.66505,729119.66505,2020-04-22
754,156.28,161.85,155.23,158.45,698030.65089,698030.65089,2020-04-21
755,158.56,158.97,150.0,156.29,1042091.03622,1042091.03622,2020-04-20
756,158.33,164.78,155.0,158.59,809100.24594,809100.24594,2020-04-19
757,157.81,161.37,153.91,158.33,621599.61289,621599.61289,2020-04-18
758,169.56,170.1,152.11,157.81,1314841.362,1314841.362,2020-04-17
759,173.15,173.38,165.19,169.52,719837.24423,719837.24423,2020-04-16
760,164.62,174.48,163.59,173.11,1023575.92076,1023575.92076,2020-04-15
761,171.32,176.22,162.22,164.63,1717962.82538,1717962.82538,2020-04-14
762,142.69,172.0,142.6,171.32,1636338.7311,1636338.7311,2020-04-13
763,144.1,145.58,140.68,142.68,414987.45246,414987.45246,2020-04-12
764,141.3,146.28,138.88,144.1,573508.14086,573508.14086,2020-04-11
765,141.27,146.72,137.26,141.31,797546.11446,797546.11446,2020-04-10
766,135.65,149.76,135.01,141.28,1138977.66114,1138977.66114,2020-04-09
767,132.72,136.99,128.62,135.69,680922.24747,680922.24747,2020-04-08
768,132.09,135.0,130.38,132.72,547669.27789,547669.27789,2020-04-07
769,124.47,135.42,124.06,132.06,764831.92747,764831.92747,2020-04-06
770,130.94,131.84,123.81,124.5,543997.0,543997.0,2020-04-05
771,131.33,132.97,124.88,130.98,896032.10594,896032.10594,2020-04-04
772,138.4,141.27,129.68,131.33,706948.54559,706948.54559,2020-04-03
773,136.11,139.74,133.26,138.4,751060.63102,751060.63102,2020-04-02
774,138.42,142.33,132.54,136.1,1034248.74369,1034248.74369,2020-04-01
775,135.89,143.36,132.2,138.42,1244377.16334,1244377.16334,2020-03-31
776,122.31,137.5,119.5,135.92,1436796.12449,1436796.12449,2020-03-30
777,132.63,137.13,121.1,122.32,1055699.86532,1055699.86532,2020-03-29
778,133.49,137.49,125.69,132.66,1231842.11121,1231842.11121,2020-03-28
779,136.3,152.55,116.74,133.48,2504057.63799,2504057.63799,2020-03-27
780,118.11,143.13,115.46,136.3,1801071.18816,1801071.18816,2020-03-26
781,115.67,118.5,109.86,118.11,1201850.31275,1201850.31275,2020-03-25
782,111.02,120.8,109.38,115.67,1295108.4848,1295108.4848,2020-03-24
783,123.82,124.33,101.1,111.02,2442064.14448,2442064.14448,2020-03-23
784,122.54,133.5,120.16,123.78,1312950.90137,1312950.90137,2020-03-22
785,134.06,134.68,120.0,122.54,1237674.88642,1237674.88642,2020-03-21
786,107.67,139.68,86.0,134.06,4663239.92861,4663239.92861,2020-03-20
787,194.61,195.55,101.2,107.82,3814533.14046,3814533.14046,2020-03-19
788,200.74,203.18,181.73,194.61,1079824.90167,1079824.90167,2020-03-18
789,202.79,206.2,195.54,200.7,1020260.107,1020260.107,2020-03-17
790,199.43,208.62,190.0,202.81,1661331.83553,1661331.83553,2020-03-16
791,237.23,237.23,195.5,199.43,1278973.53741,1278973.53741,2020-03-15
792,244.93,251.93,236.0,237.23,633748.89662,633748.89662,2020-03-14
793,228.38,245.16,227.33,244.88,628147.3257,628147.3257,2020-03-13
794,224.26,234.09,224.23,228.38,601479.87587,601479.87587,2020-03-12
795,223.84,228.85,220.23,224.26,443780.33772,443780.33772,2020-03-11
796,232.1,232.46,219.57,223.91,741498.54825,741498.54825,2020-03-10
797,217.81,234.4,216.07,231.97,810051.4833,810051.4833,2020-03-09
798,217.29,227.89,212.36,217.81,715016.01941,715016.01941,2020-03-08
799,226.76,233.0,217.0,217.21,546866.6851,546866.6851,2020-03-07
800,227.73,234.67,214.01,226.76,1054994.92397,1054994.92397,2020-03-06
801,223.98,238.3,210.0,227.79,1273793.11658,1273793.11658,2020-03-05
802,246.67,250.32,215.66,223.93,1395879.41507,1395879.41507,2020-03-04
803,265.47,266.22,244.44,246.67,774791.01027,774791.01027,2020-03-03
804,274.5,277.2,257.09,265.52,696591.72983,696591.72983,2020-03-02
805,261.55,275.68,261.02,274.48,444740.82883,444740.82883,2020-03-01
806,265.32,266.81,256.0,261.57,313062.52133,313062.52133,2020-02-29
807,256.97,268.24,253.61,265.27,525827.8734,525827.8734,2020-02-28
808,258.44,264.33,245.34,256.96,972969.71691,972969.71691,2020-02-27
809,282.64,285.0,251.56,258.45,705973.72988,705973.72988,2020-02-26
810,267.9,285.88,258.0,282.61,1115523.43992,1115523.43992,2020-02-25
811,258.89,268.77,242.0,267.85,1110371.39094,1110371.39094,2020-02-24
812,264.91,274.0,237.41,258.85,1110118.46395,1110118.46395,2020-02-23
813,285.11,288.41,261.86,264.88,860813.14274,860813.14274,2020-02-22
814,268.34,287.15,260.28,285.15,734944.32266,734944.32266,2020-02-21
815,265.74,277.69,256.08,268.32,1089679.1537,1089679.1537,2020-02-20
816,236.69,275.34,236.69,265.74,1038073.74782,1038073.74782,2020-02-19
817,222.89,239.15,218.17,236.69,595576.90276,595576.90276,2020-02-18
818,228.53,229.4,216.37,222.89,510415.49949,510415.49949,2020-02-17
819,223.01,230.65,222.86,228.49,350336.24399,350336.24399,2020-02-16
820,223.36,227.75,213.22,223.05,548551.87465,548551.87465,2020-02-15
821,213.16,225.0,213.14,223.33,629361.15466,629361.15466,2020-02-14
822,203.78,216.33,201.02,213.19,608240.2233,608240.2233,2020-02-13
823,188.91,207.61,188.19,203.78,550942.11417,550942.11417,2020-02-12
824,189.74,191.6,184.69,188.91,366389.69686,366389.69686,2020-02-11
825,188.48,195.19,186.62,189.69,417175.95781,417175.95781,2020-02-10
826,183.63,193.43,179.1,188.44,552621.13619,552621.13619,2020-02-09
827,179.94,184.28,179.23,183.6,259370.12902,259370.12902,2020-02-08
828,184.71,185.82,175.22,179.99,385596.53365,385596.53365,2020-02-07
829,173.68,187.0,170.93,184.69,477721.6609,477721.6609,2020-02-06
830,175.58,178.45,173.33,173.72,317382.90161,317382.90161,2020-02-05
831,170.04,176.2,170.03,175.64,473433.89609,473433.89609,2020-02-04
832,167.91,172.56,165.22,170.08,365894.81917,365894.81917,2020-02-03
833,160.36,168.08,159.41,167.86,251582.55758,251582.55758,2020-02-02
834,162.51,162.79,157.61,160.35,219921.65197,219921.65197,2020-02-01
835,162.85,164.45,155.55,162.54,430013.19902,430013.19902,2020-01-31
836,168.07,168.2,159.21,162.81,373414.34985,373414.34985,2020-01-30
837,169.48,171.47,166.03,168.07,272240.90286,272240.90286,2020-01-29
838,166.86,170.32,164.8,169.49,308007.6353,308007.6353,2020-01-28
839,166.79,169.33,161.24,166.87,358092.8841,358092.8841,2020-01-27
840,174.1,178.05,161.66,166.79,624681.28604,624681.28604,2020-01-26
841,169.92,179.5,164.92,174.14,688783.17982,688783.17982,2020-01-25
842,164.24,174.81,162.14,169.85,767180.67853,767180.67853,2020-01-24
843,166.4,167.4,157.8,164.21,456170.86719,456170.86719,2020-01-23
844,165.6,171.98,159.2,166.4,721687.80381,721687.80381,2020-01-22
845,143.58,171.7,143.51,165.64,1108476.31186,1108476.31186,2020-01-21
846,146.56,147.0,142.27,143.58,207996.61865,207996.61865,2020-01-20
847,142.4,146.6,141.76,146.54,229541.86137,229541.86137,2020-01-19
848,144.83,148.05,142.09,142.38,368350.57939,368350.57939,2020-01-18
849,137.73,145.17,135.32,144.84,409403.59507,409403.59507,2020-01-17
850,140.76,141.5,135.3,137.74,366076.06569,366076.06569,2020-01-16
851,142.8,147.77,137.03,140.72,570465.57764,570465.57764,2020-01-15
852,144.14,145.31,138.76,142.8,447762.17281,447762.17281,2020-01-14
853,135.37,144.41,134.86,144.15,408020.27375,408020.27375,2020-01-13
854,134.2,138.19,134.19,135.37,254120.45343,254120.45343,2020-01-12
855,134.37,135.85,132.5,134.2,184276.17102,184276.17102,2020-01-11
856,127.19,135.14,125.88,134.35,413055.18895,413055.18895,2020-01-10
857,130.72,130.78,126.38,127.19,213757.05806,213757.05806,2020-01-09
858,129.16,133.05,128.68,130.77,144770.52197,144770.52197,2020-01-08
859,131.61,133.68,128.17,129.16,264933.98418,264933.98418,2020-01-07
860,134.36,136.24,130.3,131.59,320347.21956,320347.21956,2020-01-06
861,128.11,138.07,127.52,134.36,316347.26666,316347.26666,2020-01-05
862,126.28,129.68,125.84,128.11,196893.52277,196893.52277,2020-01-04
863,125.58,127.1,121.91,126.29,240012.37451,240012.37451,2020-01-03
864,125.09,132.26,124.32,125.58,274986.52097,274986.52097,2020-01-02
865,127.7,127.84,123.07,125.09,225004.4909,225004.4909,2020-01-01
866,127.8,129.69,126.61,127.75,200637.10098,200637.10098,2019-12-31
867,132.12,135.1,126.0,127.8,421600.75655,421600.75655,2019-12-30
868,127.0,133.07,126.82,132.09,253140.72413,253140.72413,2019-12-29
869,128.19,128.4,126.5,126.99,135196.11641,135196.11641,2019-12-28
870,128.1,129.39,125.84,128.19,213897.4673,213897.4673,2019-12-27
871,132.8,134.0,125.69,128.1,420674.8172,420674.8172,2019-12-26
872,121.88,134.87,116.26,132.78,884960.91334,884960.91334,2019-12-25
873,132.72,132.98,119.11,121.88,563257.36001,563257.36001,2019-12-24
874,142.46,142.72,127.93,132.73,471018.85942,471018.85942,2019-12-23
875,141.79,144.12,139.92,142.46,151189.65877,151189.65877,2019-12-22
876,144.8,145.07,141.18,141.79,126232.59201,126232.59201,2019-12-21
877,144.87,146.0,142.8,144.8,160695.18556,160695.18556,2019-12-20
878,143.41,145.85,139.24,144.87,261615.30437,261615.30437,2019-12-19
879,145.53,146.34,142.12,143.39,157843.10484,157843.10484,2019-12-18
880,147.4,148.57,143.81,145.56,203215.84937,203215.84937,2019-12-17
881,150.44,151.19,146.56,147.38,243775.99249,243775.99249,2019-12-16
882,147.16,151.62,146.11,150.44,205301.6026,205301.6026,2019-12-15
883,148.46,149.49,146.85,147.14,140471.68588,140471.68588,2019-12-14
884,148.11,149.77,145.74,148.45,220674.68581,220674.68581,2019-12-13
885,145.45,149.02,143.64,148.1,299073.53972,299073.53972,2019-12-12
886,147.19,151.98,143.15,145.38,434430.62379,434430.62379,2019-12-11
887,148.66,149.93,145.77,147.17,196329.22503,196329.22503,2019-12-10
888,150.72,151.42,146.71,148.65,233839.0973,233839.0973,2019-12-09
889,151.43,152.49,145.79,150.73,344178.14088,344178.14088,2019-12-08
890,154.54,155.25,149.7,151.37,226863.41299,226863.41299,2019-12-07
891,150.69,157.6,150.23,154.57,328712.25558,328712.25558,2019-12-06
892,152.61,154.63,149.09,150.72,317714.56326,317714.56326,2019-12-05
893,147.47,155.54,140.84,152.62,564796.4284,564796.4284,2019-12-04
894,145.81,149.97,143.37,147.47,354023.04298,354023.04298,2019-12-03
895,139.99,151.5,131.45,145.69,749675.41303,749675.41303,2019-12-02
896,151.84,152.86,138.62,139.96,352319.21558,352319.21558,2019-12-01
897,149.55,154.33,146.11,151.84,369721.0996,369721.0996,2019-11-30
898,161.02,162.79,138.0,149.56,977977.23794,977977.23794,2019-11-29
899,174.75,175.85,157.26,161.01,473895.92992,473895.92992,2019-11-28
900,175.93,177.41,173.5,174.72,216315.93309,216315.93309,2019-11-27
901,178.2,178.52,172.65,175.94,275886.6411,275886.6411,2019-11-26
902,183.82,184.06,175.01,178.2,293551.23632,293551.23632,2019-11-25
903,182.37,186.09,180.0,183.82,198892.4372,198892.4372,2019-11-24
904,179.99,183.46,179.3,182.37,172801.52576,172801.52576,2019-11-23
905,184.93,186.7,177.67,180.0,407466.78964,407466.78964,2019-11-22
906,188.07,188.72,183.34,184.92,245505.29971,245505.29971,2019-11-21
907,187.09,189.66,185.3,188.11,197273.84001,197273.84001,2019-11-20
908,184.98,187.65,182.41,187.09,256782.63119,256782.63119,2019-11-19
909,188.96,190.19,184.06,184.98,255579.93429,255579.93429,2019-11-18
910,184.86,191.58,183.3,188.96,274940.53448,274940.53448,2019-11-17
911,183.71,185.79,182.63,184.89,192073.38044,192073.38044,2019-11-16
912,186.67,188.26,181.41,183.74,365029.75027,365029.75027,2019-11-15
913,191.16,192.27,184.59,186.68,309882.08206,309882.08206,2019-11-14
914,188.65,195.09,187.72,191.16,343219.9224,343219.9224,2019-11-13
915,185.71,192.51,182.22,188.68,389668.6472,389668.6472,2019-11-12
916,181.53,188.64,180.36,185.71,321175.29134,321175.29134,2019-11-11
917,182.9,184.7,178.95,181.54,232621.52147,232621.52147,2019-11-10
918,182.86,186.0,181.53,182.91,179864.39739,179864.39739,2019-11-09
919,182.19,184.5,177.02,182.85,331519.76963,331519.76963,2019-11-08
920,183.14,185.27,177.66,182.18,410969.86104,410969.86104,2019-11-07
921,190.45,191.71,179.28,183.13,537770.43056,537770.43056,2019-11-06
922,181.67,192.74,181.26,190.46,529964.5054,529964.5054,2019-11-05
923,183.84,189.48,180.35,181.72,582179.44545,582179.44545,2019-11-04
924,179.42,188.7,176.22,183.75,724423.40525,724423.40525,2019-11-03
925,181.53,197.74,173.8,179.49,1211737.43684,1211737.43684,2019-11-02
926,160.39,187.78,160.25,181.5,904832.86059,904832.86059,2019-11-01
927,162.35,163.72,158.72,160.38,387310.83766,387310.83766,2019-10-31
928,171.19,171.49,153.45,162.35,746955.09806,746955.09806,2019-10-30
929,174.0,175.04,170.3,171.2,255429.41624,255429.41624,2019-10-29
930,175.18,177.9,171.59,173.98,270608.51385,270608.51385,2019-10-28
931,171.84,176.88,169.21,175.22,299141.07152,299141.07152,2019-10-27
932,172.78,174.98,169.44,171.79,296918.73026,296918.73026,2019-10-26
933,177.17,177.44,168.66,172.74,319602.48508,319602.48508,2019-10-25
934,174.52,178.96,172.61,177.16,298795.8198,298795.8198,2019-10-24
935,180.52,181.44,171.81,174.47,347764.93459,347764.93459,2019-10-23
936,186.7,188.37,175.96,180.49,405466.38109,405466.38109,2019-10-22
937,180.98,187.54,180.43,186.72,279732.84612,279732.84612,2019-10-21
938,179.65,184.95,178.52,180.99,247589.23231,247589.23231,2019-10-20
939,180.65,184.64,177.59,179.68,290415.22038,290415.22038,2019-10-19
940,191.18,196.65,179.41,180.72,621693.63125,621693.63125,2019-10-18
941,192.61,194.2,186.88,191.14,436588.58452,436588.58452,2019-10-17
942,180.61,195.53,178.96,192.62,562506.82189,562506.82189,2019-10-16
943,179.88,184.87,177.0,180.6,400832.37828,400832.37828,2019-10-15
944,170.08,182.32,168.68,179.85,496523.48038,496523.48038,2019-10-14
945,176.23,177.04,167.68,170.1,314932.39629,314932.39629,2019-10-13
946,175.55,176.71,172.02,176.25,278488.61771,278488.61771,2019-10-12
947,174.71,178.98,170.74,175.55,333897.63876,333897.63876,2019-10-11
948,180.24,180.72,169.55,174.69,354756.78478,354756.78478,2019-10-10
949,175.65,181.29,173.65,180.24,348268.1162,348268.1162,2019-10-09
950,180.89,185.53,173.19,175.66,609819.60828,609819.60828,2019-10-08
951,169.26,181.24,165.01,180.85,580295.3997,580295.3997,2019-10-07
952,173.5,174.5,164.12,169.24,410855.12176,410855.12176,2019-10-06
953,173.83,175.49,168.0,173.49,521775.46593,521775.46593,2019-10-05
954,165.92,176.72,161.03,173.79,634932.96707,634932.96707,2019-10-04
955,169.96,171.01,152.11,165.92,779942.17148,779942.17148,2019-10-03
956,165.72,174.85,161.88,169.96,879001.46213,879001.46213,2019-10-02
957,201.25,202.98,150.03,165.81,1478218.82714,1478218.82714,2019-10-01
958,211.2,211.68,198.65,201.29,392437.07084,392437.07084,2019-09-30
959,215.04,215.61,206.1,211.2,445388.94787,445388.94787,2019-09-29
960,218.01,221.5,213.2,215.05,417891.5242,417891.5242,2019-09-28
961,220.26,221.54,212.05,218.03,437804.12669,437804.12669,2019-09-27
962,210.27,223.94,202.3,220.24,844358.82155,844358.82155,2019-09-26
963,207.85,217.27,207.66,210.21,539028.51013,539028.51013,2019-09-25
964,197.23,215.13,195.74,207.84,715863.2262,715863.2262,2019-09-24
965,189.05,199.44,188.3,197.22,551006.81686,551006.81686,2019-09-23
966,188.14,190.45,185.76,189.03,288928.60827,288928.60827,2019-09-22
967,180.96,188.79,179.75,188.13,279371.83423,279371.83423,2019-09-21
968,180.71,181.38,177.54,180.95,264422.54059,264422.54059,2019-09-20
969,178.3,182.38,176.62,180.72,203543.13663,203543.13663,2019-09-19
970,179.87,182.8,173.0,178.28,278555.46708,278555.46708,2019-09-18
971,180.52,184.36,177.0,179.81,238387.50999,238387.50999,2019-09-17
972,181.18,185.38,176.01,180.54,273729.94868,273729.94868,2019-09-16
973,177.58,184.18,176.13,181.19,290083.47501,290083.47501,2019-09-15
974,169.11,180.8,168.3,177.62,253831.23169,253831.23169,2019-09-14
975,173.74,177.87,165.0,169.08,315822.37984,315822.37984,2019-09-13
976,174.7,176.19,168.1,173.75,232753.83596,232753.83596,2019-09-12
977,178.79,180.14,173.0,174.72,286226.25171,286226.25171,2019-09-11
978,178.0,183.0,174.09,178.75,327857.85447,327857.85447,2019-09-10
979,170.73,181.0,170.02,178.05,294627.31247,294627.31247,2019-09-09
980,171.52,173.42,167.61,170.74,191140.52368,191140.52368,2019-09-08
981,168.48,174.98,165.63,171.57,194999.19583,194999.19583,2019-09-07
982,169.03,170.77,165.55,168.5,238616.68868,238616.68868,2019-09-06
983,173.03,173.5,163.61,169.01,295241.216,295241.216,2019-09-05
984,187.3,188.25,166.48,173.03,334480.61761,334480.61761,2019-09-04
985,188.61,189.49,184.75,187.24,157898.563,157898.563,2019-09-03
986,186.54,193.7,186.0,188.67,254397.79472,254397.79472,2019-09-02
987,190.6,192.4,182.8,186.54,169862.91522,169862.91522,2019-09-01
988,194.02,194.09,185.63,190.6,167806.34294,167806.34294,2019-08-31
989,190.36,196.19,188.16,194.02,192548.51552,192548.51552,2019-08-30
990,187.45,195.14,182.8,190.35,245575.98772,245575.98772,2019-08-29
991,196.55,197.2,179.53,187.45,284973.64194,284973.64194,2019-08-28
992,202.24,202.75,194.45,196.6,189297.75494,189297.75494,2019-08-27
993,194.32,203.59,192.7,202.28,239541.5978,239541.5978,2019-08-26
994,185.67,197.91,183.35,194.33,175363.5062,175363.5062,2019-08-25
995,184.83,187.0,181.83,185.59,138799.61508,138799.61508,2019-08-24
996,187.98,188.39,178.04,184.88,282177.01584,282177.01584,2019-08-23
997,187.08,189.95,181.23,188.03,237953.09426,237953.09426,2019-08-22
998,209.31,209.9,183.49,187.1,325228.98931,325228.98931,2019-08-21
999,211.58,214.3,204.0,209.3,166922.48201,166922.48201,2019-08-20
